{
  "files": [
    {
      "filepath": "/home/runner/work/packlist-benchmarks/packlist-benchmarks/bench/packlist.bench.ts",
      "groups": [
        {
          "fullName": "bench/packlist.bench.ts",
          "benchmarks": [
            {
              "id": "1762018997_0",
              "sampleCount": 217,
              "median": 2.1415860000001885,
              "name": "packlist@latest",
              "rank": 4,
              "rme": 3.569811925627822,
              "totalTime": 500.9728900000016,
              "min": 1.895033999999896,
              "max": 8.203233999999952,
              "hz": 433.1571714389561,
              "period": 2.308630829493095,
              "mean": 2.308630829493095,
              "variance": 0.3836606384010959,
              "sd": 0.6194034536560931,
              "sem": 0.042047846260186234,
              "df": 216,
              "critical": 1.96,
              "moe": 0.08241377866996502,
              "p75": 2.3579310000000078,
              "p99": 5.160172000000102,
              "p995": 5.609581999999932,
              "p999": 8.203233999999952
            },
            {
              "id": "1762018997_1",
              "sampleCount": 243,
              "median": 2.010531000000128,
              "name": "packlist@7.0.4",
              "rank": 3,
              "rme": 1.066749892396727,
              "totalTime": 501.24957500000346,
              "min": 1.8836140000000796,
              "max": 3.0020150000000285,
              "hz": 484.7884409677521,
              "period": 2.0627554526749114,
              "mean": 2.0627554526749114,
              "variance": 0.03062773169504035,
              "sd": 0.1750078046689357,
              "sem": 0.011226755903988386,
              "df": 242,
              "critical": 1.96,
              "moe": 0.022004441571817236,
              "p75": 2.0665550000001076,
              "p99": 2.8748869999999442,
              "p995": 2.9355560000001333,
              "p999": 3.0020150000000285
            },
            {
              "id": "1762018997_2",
              "sampleCount": 290,
              "median": 1.6813094999999976,
              "name": "packlist@6.0.1",
              "rank": 2,
              "rme": 1.0979041581954108,
              "totalTime": 501.215363,
              "min": 1.5432369999998627,
              "max": 2.5296820000000935,
              "hz": 578.5935974991253,
              "period": 1.7283288379310346,
              "mean": 1.7283288379310346,
              "variance": 0.02718112750711455,
              "sd": 0.16486699944838734,
              "sem": 0.00968132356068125,
              "df": 289,
              "critical": 1.96,
              "moe": 0.018975394178935248,
              "p75": 1.7673259999996844,
              "p99": 2.4123449999999593,
              "p995": 2.4675039999999626,
              "p999": 2.5296820000000935
            },
            {
              "id": "1762018997_3",
              "sampleCount": 533,
              "median": 0.9037610000000313,
              "name": "packlist@5.1.3",
              "rank": 1,
              "rme": 1.0506701418172102,
              "totalTime": 500.08672499999875,
              "min": 0.8208659999995689,
              "max": 1.626042000000325,
              "hz": 1065.815134364947,
              "period": 0.9382490150093785,
              "mean": 0.9382490150093785,
              "variance": 0.01348292385152984,
              "sd": 0.11611599309108905,
              "sem": 0.005029541967651844,
              "df": 532,
              "critical": 1.96,
              "moe": 0.009857902256597615,
              "p75": 0.9352789999998095,
              "p99": 1.3497039999997469,
              "p995": 1.4039259999999558,
              "p999": 1.626042000000325
            }
          ]
        }
      ]
    }
  ]
}