{
  "files": [
    {
      "filepath": "/home/runner/work/packlist-benchmarks/packlist-benchmarks/bench/packlist.bench.ts",
      "groups": [
        {
          "fullName": "bench/packlist.bench.ts",
          "benchmarks": [
            {
              "id": "1762018997_0",
              "sampleCount": 205,
              "median": 2.302338000000077,
              "name": "packlist@latest",
              "rank": 4,
              "rme": 2.5659289477205864,
              "totalTime": 501.12893299999985,
              "min": 1.9875879999999597,
              "max": 5.721857,
              "hz": 409.07636039446174,
              "period": 2.444531380487804,
              "mean": 2.444531380487804,
              "variance": 0.2099530578646475,
              "sd": 0.4582063485643204,
              "sem": 0.03200251955512767,
              "df": 204,
              "critical": 1.96,
              "moe": 0.06272493832805023,
              "p75": 2.623769999999922,
              "p99": 3.660959999999932,
              "p995": 3.9812600000000202,
              "p999": 5.721857
            },
            {
              "id": "1762018997_1",
              "sampleCount": 232,
              "median": 2.1075835000000325,
              "name": "packlist@7.0.4",
              "rank": 3,
              "rme": 1.259598052718799,
              "totalTime": 501.9388010000032,
              "min": 1.960537999999815,
              "max": 3.602149999999938,
              "hz": 462.20774233390756,
              "period": 2.1635293146551864,
              "mean": 2.1635293146551864,
              "variance": 0.044850301964224376,
              "sd": 0.2117788987699775,
              "sem": 0.013903965876223013,
              "df": 231,
              "critical": 1.96,
              "moe": 0.027251773117397106,
              "p75": 2.1552330000001803,
              "p99": 3.117191999999932,
              "p995": 3.3686330000000453,
              "p999": 3.602149999999938
            },
            {
              "id": "1762018997_2",
              "sampleCount": 261,
              "median": 1.7992269999999735,
              "name": "packlist@6.0.1",
              "rank": 2,
              "rme": 2.0690643562239432,
              "totalTime": 500.2177480000032,
              "min": 1.6557880000000296,
              "max": 4.057551999999987,
              "hz": 521.7727700457328,
              "period": 1.916543095785453,
              "mean": 1.916543095785453,
              "variance": 0.10683499687882515,
              "sd": 0.32685623273669595,
              "sem": 0.02023189289110598,
              "df": 260,
              "critical": 1.96,
              "moe": 0.03965451006656772,
              "p75": 1.9129199999997581,
              "p99": 3.481163999999808,
              "p995": 3.6033339999999043,
              "p999": 4.057551999999987
            },
            {
              "id": "1762018997_3",
              "sampleCount": 507,
              "median": 0.9542349999996986,
              "name": "packlist@5.1.3",
              "rank": 1,
              "rme": 0.9524917272868169,
              "totalTime": 500.3934509999963,
              "min": 0.8762299999998504,
              "max": 1.7661050000001524,
              "hz": 1013.2027087620772,
              "period": 0.9869693313609395,
              "mean": 0.9869693313609395,
              "variance": 0.011663410388662991,
              "sd": 0.10799727028338722,
              "sem": 0.004796327159219876,
              "df": 506,
              "critical": 1.96,
              "moe": 0.009400801232070958,
              "p75": 0.9913449999999102,
              "p99": 1.3628300000000309,
              "p995": 1.4487709999998515,
              "p999": 1.7661050000001524
            }
          ]
        }
      ]
    }
  ]
}