{
  "files": [
    {
      "filepath": "/home/runner/work/packlist-benchmarks/packlist-benchmarks/bench/packlist.bench.ts",
      "groups": [
        {
          "fullName": "bench/packlist.bench.ts",
          "benchmarks": [
            {
              "id": "1762018997_0",
              "name": "packlist@latest",
              "rank": 4,
              "rme": 2.3233281045523198,
              "samples": [],
              "totalTime": 500.43767400000036,
              "min": 1.85627199999999,
              "max": 4.976179999999999,
              "hz": 441.61343456328154,
              "period": 2.2644238642533954,
              "mean": 2.2644238642533954,
              "variance": 0.15922698409978236,
              "sd": 0.3990325602000197,
              "sem": 0.0268418347165249,
              "df": 220,
              "critical": 1.96,
              "moe": 0.052609996044388804,
              "p75": 2.3636579999999867,
              "p99": 3.5054770000000417,
              "p995": 3.5193800000000692,
              "p999": 4.976179999999999,
              "sampleCount": 221,
              "median": 2.142484999999965
            },
            {
              "id": "1762018997_1",
              "name": "packlist@7.0.4",
              "rank": 3,
              "rme": 1.4212851769010981,
              "samples": [],
              "totalTime": 501.668679000001,
              "min": 1.8753469999999197,
              "max": 3.2247530000001916,
              "hz": 478.40339659713834,
              "period": 2.0902861625000044,
              "mean": 2.0902861625000044,
              "variance": 0.05514079755608136,
              "sd": 0.23482077752209526,
              "sem": 0.015157616011442531,
              "df": 239,
              "critical": 1.96,
              "moe": 0.02970892738242736,
              "p75": 2.1007580000000416,
              "p99": 2.9634360000000015,
              "p995": 2.9679550000000745,
              "p999": 3.2247530000001916,
              "sampleCount": 240,
              "median": 2.0082350000000133
            },
            {
              "id": "1762018997_2",
              "name": "packlist@6.0.1",
              "rank": 2,
              "rme": 0.994235526310516,
              "samples": [],
              "totalTime": 501.7442219999966,
              "min": 1.5532660000003489,
              "max": 2.629624000000149,
              "hz": 577.9837361036954,
              "period": 1.7301524896551608,
              "mean": 1.7301524896551608,
              "variance": 0.02233742843289951,
              "sd": 0.14945711235300752,
              "sem": 0.008776423832396676,
              "df": 289,
              "critical": 1.96,
              "moe": 0.017201790711497484,
              "p75": 1.7589399999997113,
              "p99": 2.394444999999905,
              "p995": 2.468563000000131,
              "p999": 2.629624000000149,
              "sampleCount": 290,
              "median": 1.691529499999774
            },
            {
              "id": "1762018997_3",
              "name": "packlist@5.1.3",
              "rank": 1,
              "rme": 0.7753412830233922,
              "samples": [],
              "totalTime": 500.58284099999537,
              "min": 0.8250590000002376,
              "max": 1.6561390000001666,
              "hz": 1082.7378719519572,
              "period": 0.9235845774907664,
              "mean": 0.9235845774907664,
              "variance": 0.007234796260520175,
              "sd": 0.08505760554189246,
              "sem": 0.003653536996389329,
              "df": 541,
              "critical": 1.96,
              "moe": 0.007160932512923084,
              "p75": 0.9361750000002758,
              "p99": 1.3264730000000782,
              "p995": 1.3748729999997522,
              "p999": 1.6561390000001666,
              "sampleCount": 542,
              "median": 0.9025129999997716
            }
          ]
        }
      ]
    }
  ]
}