{
  "files": [
    {
      "filepath": "/home/runner/work/packlist-benchmarks/packlist-benchmarks/bench/packlist.bench.ts",
      "groups": [
        {
          "fullName": "bench/packlist.bench.ts",
          "benchmarks": [
            {
              "id": "1762018997_0",
              "name": "packlist@latest",
              "rank": 4,
              "rme": 3.487396690011747,
              "samples": [],
              "totalTime": 500.59020900000075,
              "min": 1.9866230000000087,
              "max": 8.328850999999986,
              "hz": 415.50952507742653,
              "period": 2.406683697115388,
              "mean": 2.406683697115388,
              "variance": 0.3814098691397953,
              "sd": 0.6175838964382048,
              "sem": 0.04282173856747672,
              "df": 207,
              "critical": 1.96,
              "moe": 0.08393060759225437,
              "p75": 2.4705189999999675,
              "p99": 4.59187600000007,
              "p995": 5.271062000000029,
              "p999": 8.328850999999986,
              "sampleCount": 208,
              "median": 2.197132500000066
            },
            {
              "id": "1762018997_1",
              "name": "packlist@7.0.4",
              "rank": 3,
              "rme": 1.1859329375936731,
              "samples": [],
              "totalTime": 501.03533499999844,
              "min": 1.9892879999999877,
              "max": 3.1865519999998924,
              "hz": 461.0453272721788,
              "period": 2.1689841341991274,
              "mean": 2.1689841341991274,
              "variance": 0.03978623558779627,
              "sd": 0.1994648730674057,
              "sem": 0.013123825131963475,
              "df": 230,
              "critical": 1.96,
              "moe": 0.02572269725864841,
              "p75": 2.1940420000000813,
              "p99": 3.055125999999973,
              "p995": 3.1448740000000726,
              "p999": 3.1865519999998924,
              "sampleCount": 231,
              "median": 2.1038630000000467
            },
            {
              "id": "1762018997_2",
              "name": "packlist@6.0.1",
              "rank": 2,
              "rme": 2.4773423697647754,
              "samples": [],
              "totalTime": 500.59292099999675,
              "min": 1.6466059999997924,
              "max": 5.754971000000069,
              "hz": 537.3627726549528,
              "period": 1.860940226765787,
              "mean": 1.860940226765787,
              "variance": 0.14882539566314476,
              "sd": 0.3857789466302493,
              "sem": 0.023521357506972214,
              "df": 268,
              "critical": 1.96,
              "moe": 0.04610186071366554,
              "p75": 1.8272640000000138,
              "p99": 4.3111760000001595,
              "p995": 4.6299370000001545,
              "p999": 5.754971000000069,
              "sampleCount": 269,
              "median": 1.7597670000000107
            },
            {
              "id": "1762018997_3",
              "name": "packlist@5.1.3",
              "rank": 1,
              "rme": 0.8951750374330022,
              "samples": [],
              "totalTime": 500.4546500000024,
              "min": 0.8635580000000118,
              "max": 1.7345799999998235,
              "hz": 1021.0715396489923,
              "period": 0.9793633072407092,
              "mean": 0.9793633072407092,
              "variance": 0.010223799904419276,
              "sd": 0.10111280781592051,
              "sem": 0.0044729672715291355,
              "df": 510,
              "critical": 1.96,
              "moe": 0.008767015852197106,
              "p75": 0.9896250000001601,
              "p99": 1.4194600000000719,
              "p995": 1.4327750000002197,
              "p999": 1.7345799999998235,
              "sampleCount": 511,
              "median": 0.9505509999999049
            }
          ]
        }
      ]
    }
  ]
}