{
  "files": [
    {
      "filepath": "/home/runner/work/packlist-benchmarks/packlist-benchmarks/bench/packlist.bench.ts",
      "groups": [
        {
          "fullName": "bench/packlist.bench.ts",
          "benchmarks": [
            {
              "id": "1762018997_0",
              "sampleCount": 220,
              "median": 2.120288999999957,
              "name": "packlist@latest",
              "rank": 4,
              "rme": 2.4864014660889295,
              "totalTime": 500.1380989999992,
              "min": 1.8527919999999085,
              "max": 4.477192999999943,
              "hz": 439.87850643628,
              "period": 2.273354995454542,
              "mean": 2.273354995454542,
              "variance": 0.18297323263892804,
              "sd": 0.4277537055817612,
              "sem": 0.02883914894713655,
              "df": 219,
              "critical": 1.96,
              "moe": 0.05652473193638764,
              "p75": 2.358240999999907,
              "p99": 3.9698700000000144,
              "p995": 3.9793880000000854,
              "p999": 4.477192999999943
            },
            {
              "id": "1762018997_1",
              "sampleCount": 239,
              "median": 2.027561000000105,
              "name": "packlist@7.0.4",
              "rank": 3,
              "rme": 1.336117316091404,
              "totalTime": 500.3127530000006,
              "min": 1.8878780000000006,
              "max": 3.388347000000067,
              "hz": 477.701195036297,
              "period": 2.0933587991631826,
              "mean": 2.0933587991631826,
              "variance": 0.04867010551199091,
              "sd": 0.2206130220816326,
              "sem": 0.014270270103848142,
              "df": 238,
              "critical": 1.96,
              "moe": 0.027969729403542358,
              "p75": 2.1198430000001736,
              "p99": 2.936226999999917,
              "p995": 3.0882870000000366,
              "p999": 3.388347000000067
            },
            {
              "id": "1762018997_2",
              "sampleCount": 290,
              "median": 1.679806499999927,
              "name": "packlist@6.0.1",
              "rank": 2,
              "rme": 1.1958739223040737,
              "totalTime": 500.2889839999989,
              "min": 1.5557629999998426,
              "max": 2.877476999999999,
              "hz": 579.6649721953515,
              "period": 1.725134427586203,
              "mean": 1.725134427586203,
              "variance": 0.03212939374522992,
              "sd": 0.17924673984547088,
              "sem": 0.010525730991935234,
              "df": 289,
              "critical": 1.96,
              "moe": 0.02063043274419306,
              "p75": 1.7378560000001926,
              "p99": 2.462572999999793,
              "p995": 2.8397959999999784,
              "p999": 2.877476999999999
            },
            {
              "id": "1762018997_3",
              "sampleCount": 544,
              "median": 0.8975269999998545,
              "name": "packlist@5.1.3",
              "rank": 1,
              "rme": 0.7970308312702918,
              "totalTime": 500.0617670000006,
              "min": 0.8122659999999087,
              "max": 1.506239999999707,
              "hz": 1087.865611609534,
              "period": 0.9192311893382364,
              "mean": 0.9192311893382364,
              "variance": 0.007601276013229118,
              "sd": 0.08718529700143894,
              "sem": 0.003738038770244049,
              "df": 543,
              "critical": 1.96,
              "moe": 0.007326555989678336,
              "p75": 0.930058000000372,
              "p99": 1.318076999999903,
              "p995": 1.3487150000000838,
              "p999": 1.506239999999707
            }
          ]
        }
      ]
    }
  ]
}