{
  "files": [
    {
      "filepath": "/Users/lucasnorgard/dev/personal/packlist-benchmarks/bench/packlist.bench.ts",
      "groups": [
        {
          "fullName": "bench/packlist.bench.ts",
          "benchmarks": [
            {
              "id": "1762018997_0",
              "name": "packlist@latest",
              "rank": 6,
              "rme": 0.9046874263319177,
              "samples": [],
              "totalTime": 500.1055600000003,
              "min": 0.7104170000000067,
              "max": 2.2237910000000056,
              "hz": 1209.7445987203173,
              "period": 0.8266207603305791,
              "mean": 0.8266207603305791,
              "variance": 0.008807506192695727,
              "sd": 0.09384831481010049,
              "sem": 0.0038154765725306353,
              "df": 604,
              "critical": 1.96,
              "moe": 0.007478334082160045,
              "p75": 0.8509589999999889,
              "p99": 1.1246669999999312,
              "p995": 1.1724999999999,
              "p999": 2.2237910000000056,
              "sampleCount": 605,
              "median": 0.8063750000000027
            },
            {
              "id": "1762018997_1",
              "name": "packlist@9.0.1",
              "rank": 4,
              "rme": 0.7802152637478771,
              "samples": [],
              "totalTime": 500.57430100000147,
              "min": 0.6862089999999625,
              "max": 2.289209000000028,
              "hz": 1290.5177087786576,
              "period": 0.7748828188854512,
              "mean": 0.7748828188854512,
              "variance": 0.006146407119470232,
              "sd": 0.0783990249905586,
              "sem": 0.0030845683821959734,
              "df": 645,
              "critical": 1.96,
              "moe": 0.0060457540291041076,
              "p75": 0.7803749999998217,
              "p99": 0.9321669999999358,
              "p995": 0.9971250000000964,
              "p999": 2.289209000000028,
              "sampleCount": 646,
              "median": 0.760624499999949
            },
            {
              "id": "1762018997_2",
              "name": "packlist@8.0.2",
              "rank": 3,
              "rme": 0.4623401304502472,
              "samples": [],
              "totalTime": 500.26723599999605,
              "min": 0.6751250000002074,
              "max": 1.0036669999999503,
              "hz": 1313.2980789491583,
              "period": 0.7614417595129316,
              "mean": 0.7614417595129316,
              "variance": 0.002119579894274989,
              "sd": 0.0460388954502059,
              "sem": 0.0017961483797116046,
              "df": 656,
              "critical": 1.96,
              "moe": 0.003520450824234745,
              "p75": 0.7740409999998974,
              "p99": 0.9216249999999491,
              "p995": 0.9462499999999636,
              "p999": 1.0036669999999503,
              "sampleCount": 657,
              "median": 0.7509999999999764
            },
            {
              "id": "1762018997_3",
              "name": "packlist@7.0.4",
              "rank": 5,
              "rme": 0.5308277757268374,
              "samples": [],
              "totalTime": 500.012666000001,
              "min": 0.6867079999997259,
              "max": 1.043416999999863,
              "hz": 1285.967423873216,
              "period": 0.7776246749611213,
              "mean": 0.7776246749611213,
              "variance": 0.002851978023256874,
              "sd": 0.05340391393200384,
              "sem": 0.0021060447783669235,
              "df": 642,
              "critical": 1.96,
              "moe": 0.00412784776559917,
              "p75": 0.7846669999998994,
              "p99": 0.9797910000002048,
              "p995": 1.006750000000011,
              "p999": 1.043416999999863,
              "sampleCount": 643,
              "median": 0.765041999999994
            },
            {
              "id": "1762018997_4",
              "name": "packlist@6.0.1",
              "rank": 2,
              "rme": 0.5366843438911816,
              "samples": [],
              "totalTime": 500.5373569999997,
              "min": 0.6045420000000377,
              "max": 1.0843330000002425,
              "hz": 1462.4283078235867,
              "period": 0.6837942035519121,
              "mean": 0.6837942035519121,
              "variance": 0.00256618298401788,
              "sd": 0.050657506689708684,
              "sem": 0.0018723553239278115,
              "df": 731,
              "critical": 1.96,
              "moe": 0.0036698164348985102,
              "p75": 0.6980410000001029,
              "p99": 0.8684579999999187,
              "p995": 0.9269999999996799,
              "p999": 1.0843330000002425,
              "sampleCount": 732,
              "median": 0.6714999999999236
            },
            {
              "id": "1762018997_5",
              "name": "packlist@5.1.3",
              "rank": 1,
              "rme": 1.6964158512863279,
              "samples": [],
              "totalTime": 500.0195420000009,
              "min": 0.3299579999998059,
              "max": 4.598582999999962,
              "hz": 2593.8986200663285,
              "period": 0.38552007864302307,
              "mean": 0.38552007864302307,
              "variance": 0.014440641314180666,
              "sd": 0.12016921949559574,
              "sem": 0.0033367467979549797,
              "df": 1296,
              "critical": 1.96,
              "moe": 0.0065400237239917605,
              "p75": 0.39320900000029724,
              "p99": 0.4950420000000122,
              "p995": 0.5005000000001019,
              "p999": 0.5752919999999904,
              "sampleCount": 1297,
              "median": 0.37945899999976973
            }
          ]
        }
      ]
    }
  ]
}