{
  "files": [
    {
      "filepath": "/home/runner/work/packlist-benchmarks/packlist-benchmarks/bench/packlist.bench.ts",
      "groups": [
        {
          "fullName": "bench/packlist.bench.ts",
          "benchmarks": [
            {
              "id": "1762018997_0",
              "sampleCount": 215,
              "median": 2.1215779999999995,
              "name": "packlist@latest",
              "rank": 4,
              "rme": 2.8801741699052315,
              "totalTime": 500.0209979999995,
              "min": 1.8851539999998295,
              "max": 5.4642650000000685,
              "hz": 429.98194247834414,
              "period": 2.325679060465114,
              "mean": 2.325679060465114,
              "variance": 0.2511096397313033,
              "sd": 0.5011084111560126,
              "sem": 0.034175309986944326,
              "df": 214,
              "critical": 1.96,
              "moe": 0.06698360757441088,
              "p75": 2.4525879999999916,
              "p99": 4.334365999999932,
              "p995": 4.342441000000008,
              "p999": 5.4642650000000685
            },
            {
              "id": "1762018997_1",
              "sampleCount": 240,
              "median": 2.0069975000000113,
              "name": "packlist@7.0.4",
              "rank": 3,
              "rme": 1.4998493643626434,
              "totalTime": 501.6946689999984,
              "min": 1.8823489999999765,
              "max": 3.1120539999999437,
              "hz": 478.3786131879363,
              "period": 2.09039445416666,
              "mean": 2.09039445416666,
              "variance": 0.06141166537430132,
              "sd": 0.24781377155901027,
              "sem": 0.015996310170148267,
              "df": 239,
              "critical": 1.96,
              "moe": 0.0313527679334906,
              "p75": 2.082444000000123,
              "p99": 3.0049139999998715,
              "p995": 3.04419699999994,
              "p999": 3.1120539999999437
            },
            {
              "id": "1762018997_2",
              "sampleCount": 283,
              "median": 1.6928840000000491,
              "name": "packlist@6.0.1",
              "rank": 2,
              "rme": 1.4140708463432887,
              "totalTime": 500.7940010000016,
              "min": 1.5378829999999653,
              "max": 2.712916999999834,
              "hz": 565.1026159157188,
              "period": 1.7695901095406417,
              "mean": 1.7695901095406417,
              "variance": 0.04612772061152032,
              "sd": 0.21477364971411256,
              "sem": 0.012766968285096165,
              "df": 282,
              "critical": 1.96,
              "moe": 0.025023257838788483,
              "p75": 1.770539000000099,
              "p99": 2.43080800000007,
              "p995": 2.4773650000001908,
              "p999": 2.712916999999834
            },
            {
              "id": "1762018997_3",
              "sampleCount": 534,
              "median": 0.9015855000000101,
              "name": "packlist@5.1.3",
              "rank": 1,
              "rme": 0.9830535337416936,
              "totalTime": 500.01821599999585,
              "min": 0.8237540000000081,
              "max": 1.5690609999996923,
              "hz": 1067.9610920415037,
              "period": 0.9363637003745241,
              "mean": 0.9363637003745241,
              "variance": 0.011778028208675783,
              "sd": 0.10852662442311464,
              "sem": 0.004696406349595022,
              "df": 533,
              "critical": 1.96,
              "moe": 0.009204956445206244,
              "p75": 0.9385299999999006,
              "p99": 1.316338000000087,
              "p995": 1.434088999999858,
              "p999": 1.5690609999996923
            }
          ]
        }
      ]
    }
  ]
}