{
  "files": [
    {
      "filepath": "/home/runner/work/packlist-benchmarks/packlist-benchmarks/bench/packlist.bench.ts",
      "groups": [
        {
          "fullName": "bench/packlist.bench.ts",
          "benchmarks": [
            {
              "id": "1762018997_0",
              "name": "packlist@latest",
              "rank": 4,
              "rme": 2.896911208688456,
              "samples": [],
              "totalTime": 501.8912530000024,
              "min": 1.8591210000001865,
              "max": 4.9857180000001335,
              "hz": 440.334432367561,
              "period": 2.271001144796391,
              "mean": 2.271001144796391,
              "variance": 0.24899189215490752,
              "sd": 0.4989908738192589,
              "sem": 0.033565758527066225,
              "df": 220,
              "critical": 1.96,
              "moe": 0.0657888867130498,
              "p75": 2.312047000000007,
              "p99": 4.741081000000008,
              "p995": 4.788540000000012,
              "p999": 4.9857180000001335,
              "sampleCount": 221,
              "median": 2.1173100000000886
            },
            {
              "id": "1762018997_1",
              "name": "packlist@7.0.4",
              "rank": 3,
              "rme": 1.6355412228459272,
              "samples": [],
              "totalTime": 501.6998860000008,
              "min": 1.860934000000043,
              "max": 3.354842999999846,
              "hz": 478.37363869761697,
              "period": 2.09041619166667,
              "mean": 2.09041619166667,
              "variance": 0.07302769780304641,
              "sd": 0.2702363739451934,
              "sem": 0.017443682930486898,
              "df": 239,
              "critical": 1.96,
              "moe": 0.03418961854375432,
              "p75": 2.07134700000006,
              "p99": 3.129312000000027,
              "p995": 3.3003519999999753,
              "p999": 3.354842999999846,
              "sampleCount": 240,
              "median": 1.9960715000000846
            },
            {
              "id": "1762018997_2",
              "name": "packlist@6.0.1",
              "rank": 2,
              "rme": 1.4451175301368837,
              "samples": [],
              "totalTime": 500.7443109999988,
              "min": 1.5528290000002016,
              "max": 2.676335999999992,
              "hz": 567.1557195185003,
              "period": 1.7631841936619677,
              "mean": 1.7631841936619677,
              "variance": 0.0479963159724729,
              "sd": 0.21908061523665873,
              "sem": 0.01300004279143457,
              "df": 283,
              "critical": 1.96,
              "moe": 0.025480083871211756,
              "p75": 1.7806350000000748,
              "p99": 2.3802039999998215,
              "p995": 2.4047100000000228,
              "p999": 2.676335999999992,
              "sampleCount": 284,
              "median": 1.6800564999999779
            },
            {
              "id": "1762018997_3",
              "name": "packlist@5.1.3",
              "rank": 1,
              "rme": 1.0967635801003777,
              "samples": [],
              "totalTime": 500.72403299999905,
              "min": 0.8212250000001404,
              "max": 2.2772549999999683,
              "hz": 1066.4557017577804,
              "period": 0.937685455056178,
              "mean": 0.937685455056178,
              "variance": 0.014701766281431095,
              "sd": 0.12125084033288633,
              "sem": 0.005247037023956457,
              "df": 533,
              "critical": 1.96,
              "moe": 0.010284192566954656,
              "p75": 0.9385839999999916,
              "p99": 1.361283999999614,
              "p995": 1.4067190000000664,
              "p999": 2.2772549999999683,
              "sampleCount": 534,
              "median": 0.9042194999999538
            }
          ]
        }
      ]
    }
  ]
}