{
  "files": [
    {
      "filepath": "/home/runner/work/packlist-benchmarks/packlist-benchmarks/bench/packlist.bench.ts",
      "groups": [
        {
          "fullName": "bench/packlist.bench.ts",
          "benchmarks": [
            {
              "id": "1762018997_0",
              "sampleCount": 203,
              "median": 2.243109000000004,
              "name": "packlist@latest",
              "rank": 4,
              "rme": 3.0731688473024743,
              "totalTime": 500.32817399999954,
              "min": 1.923528000000033,
              "max": 4.563011999999958,
              "hz": 405.7336974991142,
              "period": 2.464670807881771,
              "mean": 2.464670807881771,
              "variance": 0.30316187320439625,
              "sd": 0.5506013741395822,
              "sem": 0.0386446405389698,
              "df": 202,
              "critical": 1.96,
              "moe": 0.0757434954563808,
              "p75": 2.681750999999963,
              "p99": 4.465528000000063,
              "p995": 4.499752000000058,
              "p999": 4.563011999999958
            },
            {
              "id": "1762018997_1",
              "sampleCount": 234,
              "median": 2.0507419999999,
              "name": "packlist@7.0.4",
              "rank": 3,
              "rme": 1.9249804276919162,
              "totalTime": 500.5563960000022,
              "min": 1.9047239999999874,
              "max": 4.653892000000042,
              "hz": 467.479792227046,
              "period": 2.139129897435907,
              "mean": 2.139129897435907,
              "variance": 0.10328343335195096,
              "sd": 0.32137740018854927,
              "sem": 0.021009097881911926,
              "df": 233,
              "critical": 1.96,
              "moe": 0.041177831848547376,
              "p75": 2.1118719999999485,
              "p99": 3.0363260000001446,
              "p995": 4.625784000000067,
              "p999": 4.653892000000042
            },
            {
              "id": "1762018997_2",
              "sampleCount": 275,
              "median": 1.727630999999974,
              "name": "packlist@6.0.1",
              "rank": 2,
              "rme": 2.2381882302397966,
              "totalTime": 500.8947009999995,
              "min": 1.5803439999999682,
              "max": 4.881146999999828,
              "hz": 549.017586832088,
              "period": 1.8214352763636346,
              "mean": 1.8214352763636346,
              "variance": 0.11897103869302651,
              "sd": 0.34492178634152193,
              "sem": 0.020799566314799275,
              "df": 274,
              "critical": 1.96,
              "moe": 0.04076714997700658,
              "p75": 1.811328999999887,
              "p99": 3.760093999999981,
              "p995": 4.246823999999833,
              "p999": 4.881146999999828
            },
            {
              "id": "1762018997_3",
              "sampleCount": 520,
              "median": 0.9315919999999096,
              "name": "packlist@5.1.3",
              "rank": 1,
              "rme": 1.0116248342037315,
              "totalTime": 500.737730000003,
              "min": 0.8389220000003661,
              "max": 1.6887259999998605,
              "hz": 1038.4677823258833,
              "period": 0.9629571730769289,
              "mean": 0.9629571730769289,
              "variance": 0.012845295827228823,
              "sd": 0.11333708937161226,
              "sem": 0.0049701601559145004,
              "df": 519,
              "critical": 1.96,
              "moe": 0.00974151390559242,
              "p75": 0.9719620000000759,
              "p99": 1.4173329999998714,
              "p995": 1.457372999999734,
              "p999": 1.6887259999998605
            }
          ]
        }
      ]
    }
  ]
}