{
  "files": [
    {
      "filepath": "/home/runner/work/packlist-benchmarks/packlist-benchmarks/bench/packlist.bench.ts",
      "groups": [
        {
          "fullName": "bench/packlist.bench.ts",
          "benchmarks": [
            {
              "id": "1762018997_0",
              "name": "packlist@latest",
              "rank": 4,
              "rme": 4.845320258141146,
              "samples": [],
              "totalTime": 502.3719630000005,
              "min": 2.1076490000000376,
              "max": 9.217115999999919,
              "hz": 346.35690845669234,
              "period": 2.8871951896551753,
              "mean": 2.8871951896551753,
              "variance": 0.8864094384953708,
              "sd": 0.9414931962023787,
              "sem": 0.07137441500838719,
              "df": 173,
              "critical": 1.96,
              "moe": 0.1398938534164389,
              "p75": 3.0313659999999345,
              "p99": 9.117270000000076,
              "p995": 9.217115999999919,
              "p999": 9.217115999999919,
              "sampleCount": 174,
              "median": 2.8077825000000303
            },
            {
              "id": "1762018997_1",
              "name": "packlist@7.0.4",
              "rank": 3,
              "rme": 1.0136954542279013,
              "samples": [],
              "totalTime": 500.1976109999998,
              "min": 1.9796100000000934,
              "max": 3.2832160000000385,
              "hz": 461.81747957208876,
              "period": 2.1653576233766225,
              "mean": 2.1653576233766225,
              "variance": 0.028971708151166897,
              "sd": 0.1702107756611399,
              "sem": 0.0111990468346664,
              "df": 230,
              "critical": 1.96,
              "moe": 0.021950131795946144,
              "p75": 2.176296999999977,
              "p99": 2.790164999999888,
              "p995": 3.2069329999999354,
              "p999": 3.2832160000000385,
              "sampleCount": 231,
              "median": 2.116595999999845
            },
            {
              "id": "1762018997_2",
              "name": "packlist@6.0.1",
              "rank": 2,
              "rme": 1.8500197347316585,
              "samples": [],
              "totalTime": 500.9895700000013,
              "min": 1.643742000000202,
              "max": 4.854336000000103,
              "hz": 536.9373258608942,
              "period": 1.8624147583643171,
              "mean": 1.8624147583643171,
              "variance": 0.08312768164451048,
              "sd": 0.2883187153906428,
              "sem": 0.01757910233280347,
              "df": 268,
              "critical": 1.96,
              "moe": 0.0344550405722948,
              "p75": 1.8836609999998473,
              "p99": 2.8286259999999857,
              "p995": 3.6419559999999365,
              "p999": 4.854336000000103,
              "sampleCount": 269,
              "median": 1.779175000000123
            },
            {
              "id": "1762018997_3",
              "name": "packlist@5.1.3",
              "rank": 1,
              "rme": 1.0070950655965778,
              "samples": [],
              "totalTime": 500.93122999999605,
              "min": 0.8829500000001644,
              "max": 1.6763580000001639,
              "hz": 992.1521562949947,
              "period": 1.0079099195170946,
              "mean": 1.0079099195170946,
              "variance": 0.01332995308794066,
              "sd": 0.11545541601822178,
              "sem": 0.005178883196487296,
              "df": 496,
              "critical": 1.96,
              "moe": 0.0101506110651151,
              "p75": 1.0137049999998453,
              "p99": 1.4135219999998299,
              "p995": 1.4213769999996657,
              "p999": 1.6763580000001639,
              "sampleCount": 497,
              "median": 0.9734300000000076
            }
          ]
        }
      ]
    }
  ]
}