{
  "files": [
    {
      "filepath": "/home/runner/work/packlist-benchmarks/packlist-benchmarks/bench/packlist.bench.ts",
      "groups": [
        {
          "fullName": "bench/packlist.bench.ts",
          "benchmarks": [
            {
              "id": "1762018997_0",
              "name": "packlist@latest",
              "rank": 4,
              "rme": 2.5343233695984146,
              "samples": [],
              "totalTime": 502.22940299999914,
              "min": 1.8898569999998927,
              "max": 4.877336000000014,
              "hz": 438.04683414762235,
              "period": 2.2828609227272687,
              "mean": 2.2828609227272687,
              "variance": 0.19168737180440285,
              "sd": 0.4378211641805394,
              "sem": 0.02951789686740162,
              "df": 219,
              "critical": 1.96,
              "moe": 0.05785507786010718,
              "p75": 2.350494000000026,
              "p99": 3.7750350000000026,
              "p995": 4.3813749999999345,
              "p999": 4.877336000000014,
              "sampleCount": 220,
              "median": 2.136289999999974
            },
            {
              "id": "1762018997_1",
              "name": "packlist@7.0.4",
              "rank": 3,
              "rme": 1.1699714608229077,
              "samples": [],
              "totalTime": 501.8001659999993,
              "min": 1.8753609999998844,
              "max": 3.358850000000075,
              "hz": 484.25651577006516,
              "period": 2.0650212592592565,
              "mean": 2.0650212592592565,
              "variance": 0.03692272291846315,
              "sd": 0.19215286341468646,
              "sem": 0.01232661193533629,
              "df": 242,
              "critical": 1.96,
              "moe": 0.02416015939325913,
              "p75": 2.067358000000013,
              "p99": 2.9429069999998774,
              "p995": 3.1709109999999328,
              "p999": 3.358850000000075,
              "sampleCount": 243,
              "median": 2.018346000000065
            },
            {
              "id": "1762018997_2",
              "name": "packlist@6.0.1",
              "rank": 2,
              "rme": 1.2787577228814402,
              "samples": [],
              "totalTime": 500.6205519999951,
              "min": 1.5369300000002113,
              "max": 2.634172999999919,
              "hz": 579.2810519692824,
              "period": 1.7262777655172243,
              "mean": 1.7262777655172243,
              "variance": 0.03678610008157614,
              "sd": 0.19179702834396611,
              "sem": 0.011262709308641157,
              "df": 289,
              "critical": 1.96,
              "moe": 0.022074910244936668,
              "p75": 1.739757999999938,
              "p99": 2.5217119999999795,
              "p995": 2.587344999999914,
              "p999": 2.634172999999919,
              "sampleCount": 290,
              "median": 1.6632450000000745
            },
            {
              "id": "1762018997_3",
              "name": "packlist@5.1.3",
              "rank": 1,
              "rme": 0.8589716060949888,
              "samples": [],
              "totalTime": 500.2016590000012,
              "min": 0.8219989999997779,
              "max": 1.3949159999997391,
              "hz": 1077.5653984786138,
              "period": 0.9280179202226367,
              "mean": 0.9280179202226367,
              "variance": 0.008915525859855743,
              "sd": 0.0944220623575642,
              "sem": 0.00406704613989066,
              "df": 538,
              "critical": 1.96,
              "moe": 0.007971410434185694,
              "p75": 0.9360320000000684,
              "p99": 1.3017730000001393,
              "p995": 1.3840360000003784,
              "p999": 1.3949159999997391,
              "sampleCount": 539,
              "median": 0.90275900000006
            }
          ]
        }
      ]
    }
  ]
}