{
  "files": [
    {
      "filepath": "/home/runner/work/packlist-benchmarks/packlist-benchmarks/bench/packlist.bench.ts",
      "groups": [
        {
          "fullName": "bench/packlist.bench.ts",
          "benchmarks": [
            {
              "id": "1762018997_0",
              "sampleCount": 180,
              "median": 2.6348789999999553,
              "name": "packlist@latest",
              "rank": 4,
              "rme": 3.7248014404906824,
              "totalTime": 500.6946860000013,
              "min": 2.033388000000059,
              "max": 6.833957000000055,
              "hz": 359.5005200434652,
              "period": 2.781637144444452,
              "mean": 2.781637144444452,
              "variance": 0.5029995188787996,
              "sd": 0.7092245898717835,
              "sem": 0.05286247980892389,
              "df": 179,
              "critical": 1.96,
              "moe": 0.10361046042549082,
              "p75": 2.8339670000000297,
              "p99": 6.575607999999988,
              "p995": 6.833957000000055,
              "p999": 6.833957000000055
            },
            {
              "id": "1762018997_1",
              "sampleCount": 203,
              "median": 2.60107099999982,
              "name": "packlist@7.0.4",
              "rank": 3,
              "rme": 2.1144132182559563,
              "totalTime": 500.8276269999976,
              "min": 1.9562630000000354,
              "max": 5.105350999999928,
              "hz": 405.32907742328075,
              "period": 2.467131167487673,
              "mean": 2.467131167487673,
              "variance": 0.14379643033113948,
              "sd": 0.3792049977665636,
              "sem": 0.026614973222995844,
              "df": 202,
              "critical": 1.96,
              "moe": 0.05216534751707185,
              "p75": 2.6410459999999603,
              "p99": 3.1081899999999223,
              "p995": 3.779549999999972,
              "p999": 5.105350999999928
            },
            {
              "id": "1762018997_2",
              "sampleCount": 241,
              "median": 2.1157620000001316,
              "name": "packlist@6.0.1",
              "rank": 2,
              "rme": 2.2534750463378996,
              "totalTime": 500.5174080000013,
              "min": 1.6019700000001649,
              "max": 4.5133780000001025,
              "hz": 481.501734301316,
              "period": 2.076835717842329,
              "mean": 2.076835717842329,
              "variance": 0.137408846862448,
              "sd": 0.37068699311204323,
              "sem": 0.02387804829337218,
              "df": 240,
              "critical": 1.96,
              "moe": 0.04680097465500947,
              "p75": 2.1733999999999014,
              "p99": 3.4854169999998703,
              "p995": 4.158858000000009,
              "p999": 4.5133780000001025
            },
            {
              "id": "1762018997_3",
              "sampleCount": 435,
              "median": 1.1420889999999417,
              "name": "packlist@5.1.3",
              "rank": 1,
              "rme": 1.4957972615369586,
              "totalTime": 500.951779000005,
              "min": 0.8542590000001837,
              "max": 3.557792000000063,
              "hz": 868.3470510242378,
              "period": 1.1516132850574827,
              "mean": 1.1516132850574827,
              "variance": 0.03359973981529489,
              "sd": 0.18330231808489192,
              "sem": 0.008788673459890631,
              "df": 434,
              "critical": 1.96,
              "moe": 0.017225799981385636,
              "p75": 1.172645999999986,
              "p99": 1.4844399999997222,
              "p995": 2.4378249999999753,
              "p999": 3.557792000000063
            }
          ]
        }
      ]
    }
  ]
}