{
  "files": [
    {
      "filepath": "/home/runner/work/packlist-benchmarks/packlist-benchmarks/bench/packlist.bench.ts",
      "groups": [
        {
          "fullName": "bench/packlist.bench.ts",
          "benchmarks": [
            {
              "id": "1762018997_0",
              "name": "packlist@latest",
              "rank": 4,
              "rme": 2.5517596203396247,
              "samples": [],
              "totalTime": 500.1341769999991,
              "min": 1.8636750000000575,
              "max": 4.538218000000029,
              "hz": 435.88302904562426,
              "period": 2.29419347247706,
              "mean": 2.29419347247706,
              "variance": 0.19448403304087436,
              "sd": 0.4410034388084455,
              "sem": 0.029868521756702595,
              "df": 217,
              "critical": 1.96,
              "moe": 0.05854230264313708,
              "p75": 2.403925999999956,
              "p99": 3.678941000000009,
              "p995": 4.225521999999955,
              "p999": 4.538218000000029,
              "sampleCount": 218,
              "median": 2.1173504999999864
            },
            {
              "id": "1762018997_1",
              "name": "packlist@7.0.4",
              "rank": 3,
              "rme": 1.2335092123525644,
              "samples": [],
              "totalTime": 501.1146719999981,
              "min": 1.8563019999999142,
              "max": 2.980549999999994,
              "hz": 480.92784639121663,
              "period": 2.079313991701237,
              "mean": 2.079313991701237,
              "variance": 0.04126956073932428,
              "sd": 0.20314910961981664,
              "sem": 0.013085984510903365,
              "df": 240,
              "critical": 1.96,
              "moe": 0.025648529641370595,
              "p75": 2.0718939999999293,
              "p99": 2.846614000000045,
              "p995": 2.916354000000183,
              "p999": 2.980549999999994,
              "sampleCount": 241,
              "median": 2.013886000000184
            },
            {
              "id": "1762018997_2",
              "name": "packlist@6.0.1",
              "rank": 2,
              "rme": 1.1917020353578813,
              "samples": [],
              "totalTime": 501.0377640000045,
              "min": 1.5522229999996853,
              "max": 2.556076000000303,
              "hz": 572.8111144931531,
              "period": 1.7457761811846846,
              "mean": 1.7457761811846846,
              "variance": 0.03233569828051572,
              "sd": 0.17982129540328565,
              "sem": 0.010614515451005602,
              "df": 286,
              "critical": 1.96,
              "moe": 0.02080445028397098,
              "p75": 1.769408999999996,
              "p99": 2.3961209999997664,
              "p995": 2.4053290000001653,
              "p999": 2.556076000000303,
              "sampleCount": 287,
              "median": 1.688597999999729
            },
            {
              "id": "1762018997_3",
              "name": "packlist@5.1.3",
              "rank": 1,
              "rme": 0.9990750528898702,
              "samples": [],
              "totalTime": 500.41385299999865,
              "min": 0.8257739999999103,
              "max": 1.6003529999998136,
              "hz": 1069.1150870277795,
              "period": 0.9353529962616797,
              "mean": 0.9353529962616797,
              "variance": 0.012161550631849528,
              "sd": 0.11027942070871395,
              "sem": 0.004767795123524674,
              "df": 534,
              "critical": 1.96,
              "moe": 0.009344878442108361,
              "p75": 0.9363910000001852,
              "p99": 1.341258999999809,
              "p995": 1.387083999999959,
              "p999": 1.6003529999998136,
              "sampleCount": 535,
              "median": 0.9043820000001688
            }
          ]
        }
      ]
    }
  ]
}