{
  "files": [
    {
      "filepath": "/home/runner/work/packlist-benchmarks/packlist-benchmarks/bench/packlist.bench.ts",
      "groups": [
        {
          "fullName": "bench/packlist.bench.ts",
          "benchmarks": [
            {
              "id": "1762018997_0",
              "sampleCount": 221,
              "median": 2.126852999999983,
              "name": "packlist@latest",
              "rank": 4,
              "rme": 2.4601650384654716,
              "totalTime": 500.5402709999987,
              "min": 1.8823569999999563,
              "max": 4.623114999999984,
              "hz": 441.52291594535967,
              "period": 2.2648881040723925,
              "mean": 2.2648881040723925,
              "variance": 0.17860849757521316,
              "sd": 0.4226209857250503,
              "sem": 0.028428563926914525,
              "df": 220,
              "critical": 1.96,
              "moe": 0.05571998529675247,
              "p75": 2.3238710000000538,
              "p99": 3.9619930000000068,
              "p995": 4.108165999999983,
              "p999": 4.623114999999984
            },
            {
              "id": "1762018997_1",
              "sampleCount": 243,
              "median": 1.9984749999998712,
              "name": "packlist@7.0.4",
              "rank": 3,
              "rme": 1.327231774394551,
              "totalTime": 501.62492799999995,
              "min": 1.867490000000089,
              "max": 3.5175349999999526,
              "hz": 484.42568627689894,
              "period": 2.064300115226337,
              "mean": 2.064300115226337,
              "variance": 0.04748247465606922,
              "sd": 0.21790473757141954,
              "sem": 0.013978595432728202,
              "df": 242,
              "critical": 1.96,
              "moe": 0.027398047048147276,
              "p75": 2.0661700000000565,
              "p99": 2.976617000000033,
              "p995": 3.1656400000001668,
              "p999": 3.5175349999999526
            },
            {
              "id": "1762018997_2",
              "sampleCount": 283,
              "median": 1.695810000000165,
              "name": "packlist@6.0.1",
              "rank": 2,
              "rme": 1.4300974469830312,
              "totalTime": 500.770010999998,
              "min": 1.567149999999856,
              "max": 2.7530329999999594,
              "hz": 565.1296878478634,
              "period": 1.7695053392226079,
              "mean": 1.7695053392226079,
              "variance": 0.047174717734840964,
              "sd": 0.21719741650130409,
              "sem": 0.012911046265536194,
              "df": 282,
              "critical": 1.96,
              "moe": 0.02530565068045094,
              "p75": 1.7785140000000865,
              "p99": 2.5693059999998695,
              "p995": 2.5872709999998733,
              "p999": 2.7530329999999594
            },
            {
              "id": "1762018997_3",
              "sampleCount": 534,
              "median": 0.9034739999999601,
              "name": "packlist@5.1.3",
              "rank": 1,
              "rme": 1.0543296248723593,
              "totalTime": 500.7206559999913,
              "min": 0.8287350000000515,
              "max": 1.7384400000000824,
              "hz": 1066.4628942330057,
              "period": 0.9376791310861261,
              "mean": 0.9376791310861261,
              "variance": 0.013585963220644178,
              "sd": 0.11655884016514653,
              "sem": 0.005043994319023852,
              "df": 533,
              "critical": 1.96,
              "moe": 0.00988622886528675,
              "p75": 0.9363050000001749,
              "p99": 1.3652040000001762,
              "p995": 1.5042029999999613,
              "p999": 1.7384400000000824
            }
          ]
        }
      ]
    }
  ]
}