{
  "files": [
    {
      "filepath": "/home/runner/work/packlist-benchmarks/packlist-benchmarks/bench/packlist.bench.ts",
      "groups": [
        {
          "fullName": "bench/packlist.bench.ts",
          "benchmarks": [
            {
              "id": "1762018997_0",
              "sampleCount": 217,
              "median": 2.1564329999999927,
              "name": "packlist@latest",
              "rank": 4,
              "rme": 2.484743396576724,
              "totalTime": 500.60947499999963,
              "min": 1.8982880000000932,
              "max": 4.366872000000058,
              "hz": 433.47161976908274,
              "period": 2.306956105990782,
              "mean": 2.306956105990782,
              "variance": 0.1856048600746046,
              "sd": 0.430818825116318,
              "sem": 0.029245887502821165,
              "df": 216,
              "critical": 1.96,
              "moe": 0.05732193950552948,
              "p75": 2.3705039999999826,
              "p99": 3.6661020000000235,
              "p995": 4.111406999999986,
              "p999": 4.366872000000058
            },
            {
              "id": "1762018997_1",
              "sampleCount": 239,
              "median": 2.020854999999983,
              "name": "packlist@7.0.4",
              "rank": 3,
              "rme": 1.510552314460237,
              "totalTime": 502.33180600000037,
              "min": 1.8920669999999973,
              "max": 3.144012999999859,
              "hz": 475.7811413597805,
              "period": 2.1018067196652734,
              "mean": 2.1018067196652734,
              "variance": 0.06271087375805152,
              "sd": 0.25042139237303895,
              "sem": 0.016198413290502336,
              "df": 238,
              "critical": 1.96,
              "moe": 0.031748890049384575,
              "p75": 2.0823109999998906,
              "p99": 3.017176000000063,
              "p995": 3.0559279999999944,
              "p999": 3.144012999999859
            },
            {
              "id": "1762018997_2",
              "sampleCount": 284,
              "median": 1.6795730000000049,
              "name": "packlist@6.0.1",
              "rank": 2,
              "rme": 1.5057846325027804,
              "totalTime": 500.9438179999993,
              "min": 1.5335249999998268,
              "max": 2.806151,
              "hz": 566.9298428192209,
              "period": 1.763886683098589,
              "mean": 1.763886683098589,
              "variance": 0.05215227779254787,
              "sd": 0.2283687320815787,
              "sem": 0.01355119112697019,
              "df": 283,
              "critical": 1.96,
              "moe": 0.026560334608861574,
              "p75": 1.7735549999997602,
              "p99": 2.5506809999999405,
              "p995": 2.5638060000001133,
              "p999": 2.806151
            },
            {
              "id": "1762018997_3",
              "sampleCount": 531,
              "median": 0.9017599999997401,
              "name": "packlist@5.1.3",
              "rank": 1,
              "rme": 1.0939391482385108,
              "totalTime": 500.41644700000325,
              "min": 0.8120930000000044,
              "max": 1.5719960000001265,
              "hz": 1061.116202681477,
              "period": 0.9424038549905899,
              "mean": 0.9424038549905899,
              "variance": 0.014690711000736026,
              "sd": 0.12120524328896018,
              "sem": 0.005259859542985178,
              "df": 530,
              "critical": 1.96,
              "moe": 0.01030932470425095,
              "p75": 0.9475069999998595,
              "p99": 1.3837240000002566,
              "p995": 1.4276810000001205,
              "p999": 1.5719960000001265
            }
          ]
        }
      ]
    }
  ]
}