{
  "files": [
    {
      "filepath": "/home/runner/work/packlist-benchmarks/packlist-benchmarks/bench/packlist.bench.ts",
      "groups": [
        {
          "fullName": "bench/packlist.bench.ts",
          "benchmarks": [
            {
              "id": "1762018997_0",
              "sampleCount": 177,
              "median": 2.645699000000036,
              "name": "packlist@latest",
              "rank": 4,
              "rme": 4.029513776687846,
              "totalTime": 501.68062999999984,
              "min": 1.9852739999998903,
              "max": 9.686330999999996,
              "hz": 352.814100077972,
              "period": 2.834353841807909,
              "mean": 2.834353841807909,
              "variance": 0.6010001039181062,
              "sd": 0.7752419647555892,
              "sem": 0.05827075435496477,
              "df": 176,
              "critical": 1.96,
              "moe": 0.11421067853573094,
              "p75": 2.93019199999992,
              "p99": 6.439228000000071,
              "p995": 9.686330999999996,
              "p999": 9.686330999999996
            },
            {
              "id": "1762018997_1",
              "sampleCount": 239,
              "median": 2.0109020000002147,
              "name": "packlist@7.0.4",
              "rank": 3,
              "rme": 1.5489460015189596,
              "totalTime": 500.2891199999999,
              "min": 1.874176000000034,
              "max": 3.3278250000000753,
              "hz": 477.7237610124322,
              "period": 2.0932599163179915,
              "mean": 2.0932599163179915,
              "variance": 0.06540404798973429,
              "sd": 0.2557421513746498,
              "sem": 0.016542584579187065,
              "df": 238,
              "critical": 1.96,
              "moe": 0.03242346577520665,
              "p75": 2.0739799999998922,
              "p99": 3.0754230000000007,
              "p995": 3.271250000000009,
              "p999": 3.3278250000000753
            },
            {
              "id": "1762018997_2",
              "sampleCount": 276,
              "median": 1.6970949999999903,
              "name": "packlist@6.0.1",
              "rank": 2,
              "rme": 2.064058084371197,
              "totalTime": 500.6214950000003,
              "min": 1.5437789999996312,
              "max": 4.79427899999996,
              "hz": 551.3147213145529,
              "period": 1.8138459963768128,
              "mean": 1.8138459963768128,
              "variance": 0.10070281016645218,
              "sd": 0.3173370608146048,
              "sem": 0.01910144639094841,
              "df": 275,
              "critical": 1.96,
              "moe": 0.037438834926258886,
              "p75": 1.8268870000001698,
              "p99": 2.844883000000209,
              "p995": 3.2632770000000164,
              "p999": 4.79427899999996
            },
            {
              "id": "1762018997_3",
              "sampleCount": 533,
              "median": 0.9035400000002483,
              "name": "packlist@5.1.3",
              "rank": 1,
              "rme": 1.192579550816443,
              "totalTime": 500.0861689999979,
              "min": 0.821737000000212,
              "max": 2.42225099999996,
              "hz": 1065.8163193471607,
              "period": 0.9382479718574069,
              "mean": 0.9382479718574069,
              "variance": 0.017371009242307854,
              "sd": 0.13179912458854898,
              "sem": 0.005708853800164005,
              "df": 532,
              "critical": 1.96,
              "moe": 0.01118935344832145,
              "p75": 0.9400590000000193,
              "p99": 1.364071999999851,
              "p995": 1.4673649999999725,
              "p999": 2.42225099999996
            }
          ]
        }
      ]
    }
  ]
}