{
  "files": [
    {
      "filepath": "/Users/lucasnorgard/dev/personal/packlist-benchmarks/bench/packlist.bench.ts",
      "groups": [
        {
          "fullName": "bench/packlist.bench.ts",
          "benchmarks": [
            {
              "id": "1762018997_0",
              "name": "packlist@latest",
              "rank": 6,
              "rme": 1.3960646338293918,
              "samples": [],
              "totalTime": 500.3081310000015,
              "min": 0.6597090000000208,
              "max": 2.609375,
              "hz": 1139.2978940012438,
              "period": 0.8777335631578973,
              "mean": 0.8777335631578973,
              "variance": 0.02227917857384858,
              "sd": 0.14926211365865277,
              "sem": 0.0062519019665805975,
              "df": 569,
              "critical": 1.96,
              "moe": 0.012253727854497971,
              "p75": 0.9266670000000659,
              "p99": 1.5284169999999904,
              "p995": 1.703416999999945,
              "p999": 2.609375,
              "sampleCount": 570,
              "median": 0.848021000000017
            },
            {
              "id": "1762018997_1",
              "name": "packlist@9.0.1",
              "rank": 4,
              "rme": 0.463835215556585,
              "samples": [],
              "totalTime": 500.0817090000005,
              "min": 0.6906670000000759,
              "max": 0.9787499999999909,
              "hz": 1291.7888984417932,
              "period": 0.7741202925696602,
              "mean": 0.7741202925696602,
              "variance": 0.0021680271475718817,
              "sd": 0.046562078428393654,
              "sem": 0.0018319604733202806,
              "df": 645,
              "critical": 1.96,
              "moe": 0.00359064252770775,
              "p75": 0.7849160000000666,
              "p99": 0.9337909999999283,
              "p995": 0.9542080000001079,
              "p999": 0.9787499999999909,
              "sampleCount": 646,
              "median": 0.7630414999999857
            },
            {
              "id": "1762018997_2",
              "name": "packlist@8.0.2",
              "rank": 3,
              "rme": 0.49131619196415277,
              "samples": [],
              "totalTime": 500.1245939999999,
              "min": 0.6981659999996737,
              "max": 1.152625000000171,
              "hz": 1293.6776310584721,
              "period": 0.7729900989180832,
              "mean": 0.7729900989180832,
              "variance": 0.002429193746789089,
              "sd": 0.049286851662376334,
              "sem": 0.001937666080747074,
              "df": 646,
              "critical": 1.96,
              "moe": 0.0037978255182642647,
              "p75": 0.7827919999999722,
              "p99": 0.9366249999998217,
              "p995": 0.9659589999998843,
              "p999": 1.152625000000171,
              "sampleCount": 647,
              "median": 0.7607080000002497
            },
            {
              "id": "1762018997_3",
              "name": "packlist@7.0.4",
              "rank": 5,
              "rme": 0.4110773432464888,
              "samples": [],
              "totalTime": 500.74737499999355,
              "min": 0.7029999999999745,
              "max": 0.9481670000000122,
              "hz": 1288.074650416307,
              "period": 0.776352519379835,
              "mean": 0.776352519379835,
              "variance": 0.0017100648782617921,
              "sd": 0.04135293070946474,
              "sem": 0.0016282700565784735,
              "df": 644,
              "critical": 1.96,
              "moe": 0.003191409310893808,
              "p75": 0.7869999999998072,
              "p99": 0.9129170000001068,
              "p995": 0.9339169999998376,
              "p999": 0.9481670000000122,
              "sampleCount": 645,
              "median": 0.7691669999999249
            },
            {
              "id": "1762018997_4",
              "name": "packlist@6.0.1",
              "rank": 2,
              "rme": 0.5414397190169141,
              "samples": [],
              "totalTime": 500.68070400000397,
              "min": 0.5975840000000971,
              "max": 0.9917080000000169,
              "hz": 1458.015046651357,
              "period": 0.6858639780821972,
              "mean": 0.6858639780821972,
              "variance": 0.0026205166829224346,
              "sd": 0.05119098243755862,
              "sem": 0.0018946632631461624,
              "df": 729,
              "critical": 1.96,
              "moe": 0.003713539995766478,
              "p75": 0.6990409999998519,
              "p99": 0.8817909999997937,
              "p995": 0.9721249999997781,
              "p999": 0.9917080000000169,
              "sampleCount": 730,
              "median": 0.6730830000001333
            },
            {
              "id": "1762018997_5",
              "name": "packlist@5.1.3",
              "rank": 1,
              "rme": 0.3891145869831901,
              "samples": [],
              "totalTime": 500.31191799999897,
              "min": 0.3269580000001042,
              "max": 0.6732090000000426,
              "hz": 2624.362827990843,
              "period": 0.38104487281035715,
              "mean": 0.38104487281035715,
              "variance": 0.0007513803816341963,
              "sd": 0.027411318494997578,
              "sem": 0.0007564801954370629,
              "df": 1312,
              "critical": 1.96,
              "moe": 0.0014827011830566433,
              "p75": 0.38991699999996854,
              "p99": 0.4857090000000426,
              "p995": 0.5307080000002316,
              "p999": 0.5553330000002461,
              "sampleCount": 1313,
              "median": 0.37741600000026665
            }
          ]
        }
      ]
    }
  ]
}