{
  "files": [
    {
      "filepath": "/home/runner/work/packlist-benchmarks/packlist-benchmarks/bench/packlist.bench.ts",
      "groups": [
        {
          "fullName": "bench/packlist.bench.ts",
          "benchmarks": [
            {
              "id": "1762018997_0",
              "sampleCount": 218,
              "median": 2.112087499999916,
              "name": "packlist@latest",
              "rank": 4,
              "rme": 2.8459497457612626,
              "totalTime": 501.10058499999946,
              "min": 1.8850350000000162,
              "max": 6.292160999999851,
              "hz": 435.0423977253992,
              "period": 2.2986265366972454,
              "mean": 2.2986265366972454,
              "variance": 0.24284861844454272,
              "sd": 0.49279673136552227,
              "sem": 0.033376406161804165,
              "df": 217,
              "critical": 1.96,
              "moe": 0.06541775607713617,
              "p75": 2.4203730000000405,
              "p99": 3.9860089999999673,
              "p995": 4.224585999999931,
              "p999": 6.292160999999851
            },
            {
              "id": "1762018997_1",
              "sampleCount": 243,
              "median": 1.9980649999999969,
              "name": "packlist@7.0.4",
              "rank": 3,
              "rme": 1.3054620216540753,
              "totalTime": 501.71185299999775,
              "min": 1.8796149999998306,
              "max": 2.8880750000000717,
              "hz": 484.34175622317036,
              "period": 2.064657831275711,
              "mean": 2.064657831275711,
              "variance": 0.04595352071105247,
              "sd": 0.21436772310926958,
              "sem": 0.013751695849189328,
              "df": 242,
              "critical": 1.96,
              "moe": 0.026953323864411082,
              "p75": 2.055712999999969,
              "p99": 2.8635689999998704,
              "p995": 2.8665350000001126,
              "p999": 2.8880750000000717
            },
            {
              "id": "1762018997_2",
              "sampleCount": 289,
              "median": 1.6781090000004042,
              "name": "packlist@6.0.1",
              "rank": 2,
              "rme": 1.1889386876323358,
              "totalTime": 500.0647279999994,
              "min": 1.5104559999999765,
              "max": 2.757861999999932,
              "hz": 577.9251841173657,
              "period": 1.7303277785467106,
              "mean": 1.7303277785467106,
              "variance": 0.03183914363063082,
              "sd": 0.17843526453767714,
              "sem": 0.010496192031628066,
              "df": 288,
              "critical": 1.96,
              "moe": 0.02057253638199101,
              "p75": 1.7579279999999926,
              "p99": 2.507105000000138,
              "p995": 2.5614650000002257,
              "p999": 2.757861999999932
            },
            {
              "id": "1762018997_3",
              "sampleCount": 529,
              "median": 0.9028729999999996,
              "name": "packlist@5.1.3",
              "rank": 1,
              "rme": 1.659680375784137,
              "totalTime": 500.2112439999969,
              "min": 0.8337960000003477,
              "max": 4.250375000000076,
              "hz": 1057.5531964651384,
              "period": 0.9455789111531132,
              "mean": 0.9455789111531132,
              "variance": 0.033914701783502935,
              "sd": 0.18415944663118136,
              "sem": 0.008006932462225277,
              "df": 528,
              "critical": 1.96,
              "moe": 0.01569358762596154,
              "p75": 0.9370770000000448,
              "p99": 1.3910730000002332,
              "p995": 1.4598320000000058,
              "p999": 4.250375000000076
            }
          ]
        }
      ]
    }
  ]
}