{
  "files": [
    {
      "filepath": "/home/runner/work/packlist-benchmarks/packlist-benchmarks/bench/packlist.bench.ts",
      "groups": [
        {
          "fullName": "bench/packlist.bench.ts",
          "benchmarks": [
            {
              "id": "1762018997_0",
              "sampleCount": 223,
              "median": 2.095605999999975,
              "name": "packlist@latest",
              "rank": 4,
              "rme": 2.4755585199463934,
              "totalTime": 501.86863899999946,
              "min": 1.835066999999981,
              "max": 5.184357999999975,
              "hz": 444.3393802098087,
              "period": 2.2505320134529123,
              "mean": 2.2505320134529123,
              "variance": 0.18018121234731352,
              "sd": 0.4244775757885374,
              "sem": 0.02842512091997688,
              "df": 222,
              "critical": 1.96,
              "moe": 0.055713237003154684,
              "p75": 2.32515699999999,
              "p99": 3.6467099999999846,
              "p995": 4.544516000000044,
              "p999": 5.184357999999975
            },
            {
              "id": "1762018997_1",
              "sampleCount": 243,
              "median": 1.9877839999999196,
              "name": "packlist@7.0.4",
              "rank": 3,
              "rme": 1.3312012879031385,
              "totalTime": 500.8965889999979,
              "min": 1.870343000000048,
              "max": 2.975639000000001,
              "hz": 485.1300754216177,
              "period": 2.0613028353909377,
              "mean": 2.0613028353909377,
              "variance": 0.047628312055237744,
              "sd": 0.21823911669368015,
              "sem": 0.014000045863422487,
              "df": 242,
              "critical": 1.96,
              "moe": 0.027440089892308075,
              "p75": 2.0516039999999975,
              "p99": 2.8946780000001127,
              "p995": 2.895518999999922,
              "p999": 2.975639000000001
            },
            {
              "id": "1762018997_2",
              "sampleCount": 284,
              "median": 1.7091004999999768,
              "name": "packlist@6.0.1",
              "rank": 2,
              "rme": 1.3261134558742786,
              "totalTime": 501.49720500000103,
              "min": 1.55289700000003,
              "max": 3.112446000000091,
              "hz": 566.3042528821261,
              "period": 1.765835228873243,
              "mean": 1.765835228873243,
              "variance": 0.040538522374511735,
              "sd": 0.20134180483573633,
              "sem": 0.011947438050334918,
              "df": 283,
              "critical": 1.96,
              "moe": 0.02341697857865644,
              "p75": 1.797266000000036,
              "p99": 2.8013009999999667,
              "p995": 3.02145500000006,
              "p999": 3.112446000000091
            },
            {
              "id": "1762018997_3",
              "sampleCount": 527,
              "median": 0.9126240000000507,
              "name": "packlist@5.1.3",
              "rank": 1,
              "rme": 1.0213012640366625,
              "totalTime": 500.39494200000036,
              "min": 0.8230060000000776,
              "max": 1.764615000000049,
              "hz": 1053.168119353212,
              "period": 0.9495160189753328,
              "mean": 0.9495160189753328,
              "variance": 0.012900626547817921,
              "sd": 0.11358092510548556,
              "sem": 0.004947662808176363,
              "df": 526,
              "critical": 1.96,
              "moe": 0.00969741910402567,
              "p75": 0.9474290000002838,
              "p99": 1.359363999999914,
              "p995": 1.4112310000000434,
              "p999": 1.764615000000049
            }
          ]
        }
      ]
    }
  ]
}