{
  "files": [
    {
      "filepath": "/home/runner/work/packlist-benchmarks/packlist-benchmarks/bench/packlist.bench.ts",
      "groups": [
        {
          "fullName": "bench/packlist.bench.ts",
          "benchmarks": [
            {
              "id": "1762018997_0",
              "sampleCount": 196,
              "median": 2.3117730000000165,
              "name": "packlist@latest",
              "rank": 4,
              "rme": 3.7260370609707647,
              "totalTime": 502.24058999999977,
              "min": 1.9211659999998574,
              "max": 5.59479900000008,
              "hz": 390.2512140645584,
              "period": 2.562451989795917,
              "mean": 2.562451989795917,
              "variance": 0.46510364553692174,
              "sd": 0.6819850772098476,
              "sem": 0.0487132198007034,
              "df": 195,
              "critical": 1.96,
              "moe": 0.09547791080937866,
              "p75": 2.8291699999999764,
              "p99": 5.024869999999964,
              "p995": 5.59479900000008,
              "p999": 5.59479900000008
            },
            {
              "id": "1762018997_1",
              "sampleCount": 238,
              "median": 2.023864499999945,
              "name": "packlist@7.0.4",
              "rank": 3,
              "rme": 1.5453673139897883,
              "totalTime": 500.03141799999844,
              "min": 1.9053859999999077,
              "max": 3.8814460000000963,
              "hz": 475.9700919433041,
              "period": 2.1009723445378086,
              "mean": 2.1009723445378086,
              "variance": 0.06530838290412262,
              "sd": 0.25555504867664547,
              "sem": 0.016565173412475622,
              "df": 237,
              "critical": 1.96,
              "moe": 0.03246773988845222,
              "p75": 2.0819480000000112,
              "p99": 3.1208100000001195,
              "p995": 3.5157650000001013,
              "p999": 3.8814460000000963
            },
            {
              "id": "1762018997_2",
              "sampleCount": 277,
              "median": 1.6884370000000217,
              "name": "packlist@6.0.1",
              "rank": 2,
              "rme": 2.1169418255523107,
              "totalTime": 501.0707950000017,
              "min": 1.5695220000002337,
              "max": 4.124614000000065,
              "hz": 552.8160945800065,
              "period": 1.8089198375451325,
              "mean": 1.8089198375451325,
              "variance": 0.10573630177899064,
              "sd": 0.3251711884207927,
              "sem": 0.019537643179441743,
              "df": 276,
              "critical": 1.96,
              "moe": 0.03829378063170582,
              "p75": 1.8047459999997955,
              "p99": 3.194257000000107,
              "p995": 3.829469999999901,
              "p999": 4.124614000000065
            },
            {
              "id": "1762018997_3",
              "sampleCount": 525,
              "median": 0.9083250000003318,
              "name": "packlist@5.1.3",
              "rank": 1,
              "rme": 1.2149588194637977,
              "totalTime": 500.8441690000009,
              "min": 0.8137659999997595,
              "max": 1.5973750000002838,
              "hz": 1048.230233064766,
              "period": 0.953988893333335,
              "mean": 0.953988893333335,
              "variance": 0.018359333614706503,
              "sd": 0.13549661846225722,
              "sem": 0.005913557242988998,
              "df": 524,
              "critical": 1.96,
              "moe": 0.011590572196258435,
              "p75": 0.9530890000000909,
              "p99": 1.4332730000000993,
              "p995": 1.5294670000002952,
              "p999": 1.5973750000002838
            }
          ]
        }
      ]
    }
  ]
}