{
  "files": [
    {
      "filepath": "/home/runner/work/packlist-benchmarks/packlist-benchmarks/bench/packlist.bench.ts",
      "groups": [
        {
          "fullName": "bench/packlist.bench.ts",
          "benchmarks": [
            {
              "id": "1762018997_0",
              "sampleCount": 221,
              "median": 2.095839000000069,
              "name": "packlist@latest",
              "rank": 4,
              "rme": 2.9770126362956177,
              "totalTime": 501.63298099999895,
              "min": 1.8671220000001085,
              "max": 6.829486999999972,
              "hz": 440.5611440448738,
              "period": 2.269832493212665,
              "mean": 2.269832493212665,
              "variance": 0.26268126835752376,
              "sd": 0.5125244075724821,
              "sem": 0.03447612252330863,
              "df": 220,
              "critical": 1.96,
              "moe": 0.06757320014568491,
              "p75": 2.3697140000000445,
              "p99": 4.092513999999937,
              "p995": 4.385714999999891,
              "p999": 6.829486999999972
            },
            {
              "id": "1762018997_1",
              "sampleCount": 240,
              "median": 2.004628999999909,
              "name": "packlist@7.0.4",
              "rank": 3,
              "rme": 1.5791384175973149,
              "totalTime": 500.3032999999991,
              "min": 1.8485270000001037,
              "max": 3.3597800000000007,
              "hz": 479.7090085154354,
              "period": 2.0845970833333296,
              "mean": 2.0845970833333296,
              "variance": 0.06769923311674121,
              "sd": 0.26019076293508425,
              "sem": 0.016795241528076387,
              "df": 239,
              "critical": 1.96,
              "moe": 0.03291867339502972,
              "p75": 2.060324000000037,
              "p99": 2.974964,
              "p995": 3.326138000000128,
              "p999": 3.3597800000000007
            },
            {
              "id": "1762018997_2",
              "sampleCount": 285,
              "median": 1.6895889999998417,
              "name": "packlist@6.0.1",
              "rank": 2,
              "rme": 1.4333512799129537,
              "totalTime": 501.2008840000037,
              "min": 1.523417000000336,
              "max": 3.149156999999832,
              "hz": 568.6342724008401,
              "period": 1.7585995929824692,
              "mean": 1.7585995929824692,
              "variance": 0.04713808455046722,
              "sd": 0.21711306858516652,
              "sem": 0.012860668252325623,
              "df": 284,
              "critical": 1.96,
              "moe": 0.02520690977455822,
              "p75": 1.7619170000002669,
              "p99": 2.466425000000072,
              "p995": 2.887715000000071,
              "p999": 3.149156999999832
            },
            {
              "id": "1762018997_3",
              "sampleCount": 542,
              "median": 0.8982390000001033,
              "name": "packlist@5.1.3",
              "rank": 1,
              "rme": 0.8930297766478834,
              "totalTime": 500.7542309999958,
              "min": 0.8115320000001702,
              "max": 1.5368619999999282,
              "hz": 1082.3672900728911,
              "period": 0.9239007952029443,
              "mean": 0.9239007952029443,
              "variance": 0.009604388202417049,
              "sd": 0.09800198060456253,
              "sem": 0.004209545514208608,
              "df": 541,
              "critical": 1.96,
              "moe": 0.008250709207848872,
              "p75": 0.9391610000002402,
              "p99": 1.3862990000002355,
              "p995": 1.413050000000112,
              "p999": 1.5368619999999282
            }
          ]
        }
      ]
    }
  ]
}