{
  "files": [
    {
      "filepath": "/home/runner/work/packlist-benchmarks/packlist-benchmarks/bench/packlist.bench.ts",
      "groups": [
        {
          "fullName": "bench/packlist.bench.ts",
          "benchmarks": [
            {
              "id": "1762018997_0",
              "name": "packlist@latest",
              "rank": 4,
              "rme": 2.62427946380599,
              "samples": [],
              "totalTime": 501.99643099999935,
              "min": 1.9765090000000782,
              "max": 4.783858000000009,
              "hz": 420.3217134027797,
              "period": 2.3791300047393333,
              "mean": 2.3791300047393333,
              "variance": 0.21410500752144257,
              "sd": 0.4627148231053794,
              "sem": 0.031854602107969796,
              "df": 210,
              "critical": 1.96,
              "moe": 0.0624350201316208,
              "p75": 2.4702859999999873,
              "p99": 3.9816399999999703,
              "p995": 4.520633999999973,
              "p999": 4.783858000000009,
              "sampleCount": 211,
              "median": 2.2087750000000597
            },
            {
              "id": "1762018997_1",
              "name": "packlist@7.0.4",
              "rank": 3,
              "rme": 1.4082714313073736,
              "samples": [],
              "totalTime": 500.82772799999975,
              "min": 1.9714500000000044,
              "max": 3.268784000000096,
              "hz": 463.2331379224278,
              "period": 2.1587402068965504,
              "mean": 2.1587402068965504,
              "variance": 0.05581479593326537,
              "sd": 0.23625155223461575,
              "sem": 0.015510674290749904,
              "df": 231,
              "critical": 1.96,
              "moe": 0.030400921609869812,
              "p75": 2.145386000000144,
              "p99": 3.0642800000000534,
              "p995": 3.135624999999891,
              "p999": 3.268784000000096,
              "sampleCount": 232,
              "median": 2.0822524999999814
            },
            {
              "id": "1762018997_2",
              "name": "packlist@6.0.1",
              "rank": 2,
              "rme": 2.3256573266794365,
              "samples": [],
              "totalTime": 501.63486600000147,
              "min": 1.6297719999997753,
              "max": 6.30887000000007,
              "hz": 538.2400991242088,
              "period": 1.8579069111111166,
              "mean": 1.8579069111111166,
              "variance": 0.13121726160077773,
              "sd": 0.36223923255326407,
              "sem": 0.022045177653642493,
              "df": 269,
              "critical": 1.96,
              "moe": 0.043208548201139285,
              "p75": 1.8360529999999926,
              "p99": 2.6508349999999155,
              "p995": 3.103614000000107,
              "p999": 6.30887000000007,
              "sampleCount": 270,
              "median": 1.7521379999999454
            },
            {
              "id": "1762018997_3",
              "name": "packlist@5.1.3",
              "rank": 1,
              "rme": 1.0445930352857644,
              "samples": [],
              "totalTime": 500.86040200000207,
              "min": 0.8532710000004045,
              "max": 2.873258999999962,
              "hz": 1038.2134381627516,
              "period": 0.9631930807692347,
              "mean": 0.9631930807692347,
              "variance": 0.013702889668644278,
              "sd": 0.11705934250902095,
              "sem": 0.005133391754117252,
              "df": 519,
              "critical": 1.96,
              "moe": 0.010061447838069814,
              "p75": 0.975170000000162,
              "p99": 1.3514259999997194,
              "p995": 1.3748199999999997,
              "p999": 2.873258999999962,
              "sampleCount": 520,
              "median": 0.9390019999998458
            }
          ]
        }
      ]
    }
  ]
}