{
  "files": [
    {
      "filepath": "/home/runner/work/packlist-benchmarks/packlist-benchmarks/bench/packlist.bench.ts",
      "groups": [
        {
          "fullName": "bench/packlist.bench.ts",
          "benchmarks": [
            {
              "id": "1762018997_0",
              "sampleCount": 179,
              "median": 2.6643639999999778,
              "name": "packlist@latest",
              "rank": 4,
              "rme": 2.81818713937176,
              "totalTime": 500.38114599999983,
              "min": 1.8984799999998359,
              "max": 6.6289560000000165,
              "hz": 357.7273073354368,
              "period": 2.7954253966480436,
              "mean": 2.7954253966480436,
              "variance": 0.289185396967288,
              "sd": 0.537759608902796,
              "sem": 0.0401940403158506,
              "df": 178,
              "critical": 1.96,
              "moe": 0.07878031901906718,
              "p75": 2.9013539999999693,
              "p99": 4.667957999999999,
              "p995": 6.6289560000000165,
              "p999": 6.6289560000000165
            },
            {
              "id": "1762018997_1",
              "sampleCount": 237,
              "median": 2.022660000000087,
              "name": "packlist@7.0.4",
              "rank": 3,
              "rme": 2.6319622028021277,
              "totalTime": 501.13440500000274,
              "min": 1.873113000000103,
              "max": 7.80079499999988,
              "hz": 472.927018451265,
              "period": 2.1144911603375642,
              "mean": 2.1144911603375642,
              "variance": 0.19107648672598612,
              "sd": 0.43712296522372984,
              "sem": 0.028394187817182056,
              "df": 236,
              "critical": 1.96,
              "moe": 0.05565260812167683,
              "p75": 2.082380999999941,
              "p99": 3.0229510000001483,
              "p995": 3.6848609999999553,
              "p999": 7.80079499999988
            },
            {
              "id": "1762018997_2",
              "sampleCount": 279,
              "median": 1.7017840000003162,
              "name": "packlist@6.0.1",
              "rank": 2,
              "rme": 2.198134481217977,
              "totalTime": 500.35884800000053,
              "min": 1.5503629999998338,
              "max": 5.02814699999999,
              "hz": 557.59981284472,
              "period": 1.7934008888888908,
              "mean": 1.7934008888888908,
              "variance": 0.11286397446612415,
              "sd": 0.3359523395753096,
              "sem": 0.020112940472008373,
              "df": 278,
              "critical": 1.96,
              "moe": 0.03942136332513641,
              "p75": 1.7937150000002475,
              "p99": 3.398691000000099,
              "p995": 3.7534190000001217,
              "p999": 5.02814699999999
            },
            {
              "id": "1762018997_3",
              "sampleCount": 531,
              "median": 0.8994529999999941,
              "name": "packlist@5.1.3",
              "rank": 1,
              "rme": 1.140061478809235,
              "totalTime": 500.40445399999726,
              "min": 0.8106769999999415,
              "max": 1.7084270000000288,
              "hz": 1061.1416340430953,
              "period": 0.9423812693031963,
              "mean": 0.9423812693031963,
              "variance": 0.015954831163144584,
              "sd": 0.12631243471307402,
              "sem": 0.005481492772877173,
              "df": 530,
              "critical": 1.96,
              "moe": 0.01074372583483926,
              "p75": 0.949055000000044,
              "p99": 1.3610410000001139,
              "p995": 1.415030999999999,
              "p999": 1.7084270000000288
            }
          ]
        }
      ]
    }
  ]
}