{
  "files": [
    {
      "filepath": "/home/runner/work/packlist-benchmarks/packlist-benchmarks/bench/packlist.bench.ts",
      "groups": [
        {
          "fullName": "bench/packlist.bench.ts",
          "benchmarks": [
            {
              "id": "1762018997_0",
              "name": "packlist@latest",
              "rank": 4,
              "rme": 2.418254730620691,
              "samples": [],
              "totalTime": 500.0376799999988,
              "min": 1.8623559999998633,
              "max": 4.361969000000045,
              "hz": 435.967145515915,
              "period": 2.293750825688068,
              "mean": 2.293750825688068,
              "variance": 0.174598665027886,
              "sd": 0.4178500508889355,
              "sem": 0.028300376454516767,
              "df": 217,
              "critical": 1.96,
              "moe": 0.055468737850852864,
              "p75": 2.443748000000028,
              "p99": 3.499180000000024,
              "p995": 3.6001289999999244,
              "p999": 4.361969000000045,
              "sampleCount": 218,
              "median": 2.1441504999999097
            },
            {
              "id": "1762018997_1",
              "name": "packlist@7.0.4",
              "rank": 3,
              "rme": 1.2242432874087783,
              "samples": [],
              "totalTime": 500.41340000000014,
              "min": 1.8845080000000962,
              "max": 3.0035640000000967,
              "hz": 481.60181162215065,
              "period": 2.076404149377594,
              "mean": 2.076404149377594,
              "variance": 0.04053816993408692,
              "sd": 0.20134092960470534,
              "sem": 0.012969509397057415,
              "df": 240,
              "critical": 1.96,
              "moe": 0.025420238418232533,
              "p75": 2.0769090000001142,
              "p99": 2.8745699999999488,
              "p995": 2.9954139999999825,
              "p999": 3.0035640000000967,
              "sampleCount": 241,
              "median": 2.0127789999999095
            },
            {
              "id": "1762018997_2",
              "name": "packlist@6.0.1",
              "rank": 2,
              "rme": 0.9711671391419636,
              "samples": [],
              "totalTime": 501.06123599999773,
              "min": 1.5551080000000184,
              "max": 2.493612000000212,
              "hz": 576.7758094940741,
              "period": 1.733775903114179,
              "mean": 1.733775903114179,
              "variance": 0.021328464148497414,
              "sd": 0.146042679201997,
              "sem": 0.00859074583541159,
              "df": 288,
              "critical": 1.96,
              "moe": 0.016837861837406716,
              "p75": 1.7732689999998001,
              "p99": 2.3889130000000023,
              "p995": 2.4742579999999634,
              "p999": 2.493612000000212,
              "sampleCount": 289,
              "median": 1.6939499999998588
            },
            {
              "id": "1762018997_3",
              "name": "packlist@5.1.3",
              "rank": 1,
              "rme": 1.0159708726124534,
              "samples": [],
              "totalTime": 500.65333599999667,
              "min": 0.8275830000002316,
              "max": 1.7263899999998102,
              "hz": 1064.6089053524324,
              "period": 0.9393120750468981,
              "mean": 0.9393120750468981,
              "variance": 0.012635644282243142,
              "sd": 0.11240838172593333,
              "sem": 0.00486894749255516,
              "df": 532,
              "critical": 1.96,
              "moe": 0.009543137085408113,
              "p75": 0.9434900000001107,
              "p99": 1.3886360000001332,
              "p995": 1.5824999999999818,
              "p999": 1.7263899999998102,
              "sampleCount": 533,
              "median": 0.9084050000001298
            }
          ]
        }
      ]
    }
  ]
}