{
  "files": [
    {
      "filepath": "/home/runner/work/packlist-benchmarks/packlist-benchmarks/bench/packlist.bench.ts",
      "groups": [
        {
          "fullName": "bench/packlist.bench.ts",
          "benchmarks": [
            {
              "id": "1762018997_0",
              "name": "packlist@latest",
              "rank": 4,
              "rme": 4.400871991786037,
              "samples": [],
              "totalTime": 500.3979990000005,
              "min": 1.8674069999999574,
              "max": 8.522396000000072,
              "hz": 393.6866262328915,
              "period": 2.540091365482236,
              "mean": 2.540091365482236,
              "variance": 0.6408114051096457,
              "sd": 0.8005069675584627,
              "sem": 0.05703375993330776,
              "df": 196,
              "critical": 1.96,
              "moe": 0.11178616946928321,
              "p75": 2.7359539999999924,
              "p99": 5.868957000000023,
              "p995": 8.522396000000072,
              "p999": 8.522396000000072,
              "sampleCount": 197,
              "median": 2.2533750000000055
            },
            {
              "id": "1762018997_1",
              "name": "packlist@7.0.4",
              "rank": 3,
              "rme": 1.4073222845466085,
              "samples": [],
              "totalTime": 501.36663800000224,
              "min": 1.8716750000000957,
              "max": 3.7177220000000943,
              "hz": 476.6970553792591,
              "period": 2.0977683598326453,
              "mean": 2.0977683598326453,
              "variance": 0.0542235502179858,
              "sd": 0.23285950746745515,
              "sem": 0.015062429390863623,
              "df": 238,
              "critical": 1.96,
              "moe": 0.0295223616060927,
              "p75": 2.097223999999869,
              "p99": 2.9022829999998976,
              "p995": 2.9185939999999846,
              "p999": 3.7177220000000943,
              "sampleCount": 239,
              "median": 2.0193000000001575
            },
            {
              "id": "1762018997_2",
              "name": "packlist@6.0.1",
              "rank": 2,
              "rme": 2.6084932422429015,
              "samples": [],
              "totalTime": 500.2344609999993,
              "min": 1.5780180000001565,
              "max": 6.029851000000235,
              "hz": 549.7422137816299,
              "period": 1.8190344036363613,
              "mean": 1.8190344036363613,
              "variance": 0.16116911049931926,
              "sd": 0.40145872826396395,
              "sem": 0.02420887219026936,
              "df": 274,
              "critical": 1.96,
              "moe": 0.04744938949292794,
              "p75": 1.8085069999997359,
              "p99": 3.0995040000000245,
              "p995": 5.038752000000159,
              "p999": 6.029851000000235,
              "sampleCount": 275,
              "median": 1.7032009999998081
            },
            {
              "id": "1762018997_3",
              "name": "packlist@5.1.3",
              "rank": 1,
              "rme": 1.143922025599172,
              "samples": [],
              "totalTime": 500.2602240000001,
              "min": 0.8209990000000289,
              "max": 1.5034690000002229,
              "hz": 1047.4548542160328,
              "period": 0.9546950839694659,
              "mean": 0.9546950839694659,
              "variance": 0.01626826960551883,
              "sd": 0.12754712699829357,
              "sem": 0.005571922113693484,
              "df": 523,
              "critical": 1.96,
              "moe": 0.01092096734283923,
              "p75": 0.9509100000000217,
              "p99": 1.3763619999999719,
              "p995": 1.4047049999999217,
              "p999": 1.5034690000002229,
              "sampleCount": 524,
              "median": 0.9121784999999818
            }
          ]
        }
      ]
    }
  ]
}