{
  "files": [
    {
      "filepath": "/Users/luxass/dev/packlist-benchmarks/bench/packlist.bench.ts",
      "groups": [
        {
          "fullName": "bench/packlist.bench.ts",
          "benchmarks": [
            {
              "id": "1762018997_0",
              "sampleCount": 532,
              "median": 0.8856665000000135,
              "name": "packlist@latest",
              "rank": 4,
              "rme": 1.9615639704675063,
              "totalTime": 500.129391,
              "min": 0.7241250000000719,
              "max": 4.112917000000039,
              "hz": 1063.7247271876488,
              "period": 0.9400928402255639,
              "mean": 0.9400928402255639,
              "variance": 0.04709186947019921,
              "sd": 0.21700661158176543,
              "sem": 0.009408429817759857,
              "df": 531,
              "critical": 1.96,
              "moe": 0.01844052244280932,
              "p75": 0.9773749999999382,
              "p99": 1.7269159999999601,
              "p995": 1.9720409999999902,
              "p999": 4.112917000000039
            },
            {
              "id": "1762018997_1",
              "sampleCount": 617,
              "median": 0.8001659999999902,
              "name": "packlist@7.0.4",
              "rank": 3,
              "rme": 0.6187043180227995,
              "totalTime": 500.7264870000005,
              "min": 0.6979160000000775,
              "max": 1.064333999999917,
              "hz": 1232.2096314429627,
              "period": 0.8115502220421401,
              "mean": 0.8115502220421401,
              "variance": 0.004049208288968626,
              "sd": 0.06363338973344597,
              "sem": 0.0025617838095399682,
              "df": 616,
              "critical": 1.96,
              "moe": 0.005021096266698338,
              "p75": 0.8419579999999769,
              "p99": 1.034832999999935,
              "p995": 1.056833000000097,
              "p999": 1.064333999999917
            },
            {
              "id": "1762018997_2",
              "sampleCount": 732,
              "median": 0.6742080000001351,
              "name": "packlist@6.0.1",
              "rank": 2,
              "rme": 0.53171751991366,
              "totalTime": 500.4797679999965,
              "min": 0.5992079999998623,
              "max": 0.9329999999999927,
              "hz": 1462.5965859223406,
              "period": 0.68371553005464,
              "mean": 0.68371553005464,
              "variance": 0.0025183249515707135,
              "sd": 0.050182914936965486,
              "sem": 0.0018548139079954422,
              "df": 731,
              "critical": 1.96,
              "moe": 0.0036354352596710666,
              "p75": 0.7089579999999387,
              "p99": 0.8535830000000715,
              "p995": 0.8978749999998854,
              "p999": 0.9329999999999927
            },
            {
              "id": "1762018997_3",
              "sampleCount": 1271,
              "median": 0.38741699999991397,
              "name": "packlist@5.1.3",
              "rank": 1,
              "rme": 0.4968624448990512,
              "totalTime": 500.3607639999991,
              "min": 0.3144170000000486,
              "max": 0.6759999999999309,
              "hz": 2540.1671982417915,
              "period": 0.3936748733280874,
              "mean": 0.3936748733280874,
              "variance": 0.0012658467904322133,
              "sd": 0.03557874070891511,
              "sem": 0.0009979707145771316,
              "df": 1270,
              "critical": 1.96,
              "moe": 0.001956022600571178,
              "p75": 0.40679099999988466,
              "p99": 0.5272920000002159,
              "p995": 0.5741670000002159,
              "p999": 0.6127079999996567
            }
          ]
        }
      ]
    }
  ]
}